Model,MAE,RMSE,MAPE
MoE,39.47242,67.10053,51.807194
