Model,MAE,RMSE,MAPE
Residual,43.215305,70.68739,57.96073
