Model,MAE,RMSE,MAPE
KAN,41.805614,71.33791,46.61267
