Model,MAE,RMSE,MAPE
MLP,44.447098,74.60075,53.545265
